{"cameraMode":{"drawMode":0,"name":"Shaded","section":"Shading Mode"},"sceneLighting":true,"audioPlay":false,"sceneViewState":{"showFog":true,"showMaterialUpdate":false,"showSkybox":true,"showFlares":true,"showImageEffects":true,"showParticleSystems":true},"in2DMode":false,"pivot":{"x":511.2283020019531,"y":291.38543701171877,"z":-626.59130859375},"rotation":{"x":-0.039531171321868899,"y":-0.7189735174179077,"z":-0.0410226546227932,"w":0.6927087903022766},"size":58.150360107421878,"orthographic":false}